id,campaign_title,audience,subject_line,preview_text,emails_sent,unsubscribed,send_date,send_hour,hard_bounces,soft_bounces,number_of_forwards,number_of_forwards_opened,total_opens,unique_opens,unique_open_rate,total_clicks,unique_clicks,true_ctr
05bacf772f,In The Know 5.4.22 CORP RESEND,Internal,ICYMI: See the Employees of the Year!,"Updates from Marketing, HR Tools & More",265,0,2022-05-06,08 AM,0,1,0,0,57,33,0.12452830188679245,2,1,0.03508771929824561
a52698d383,In The Know 5.4.22 SL ONLY,Internal,See the Employees of the Year!,Updates from Human Resources & More,1477,0,2022-05-04,08 AM,0,11,0,0,676,569,0.3852403520649966,30,18,0.04437869822485207
a476b06433,In The Know 5.4.22 CORP,Internal,See the Employees of the Year!,"Updates from Marketing, HR Tools & More",498,0,2022-05-04,08 AM,2,0,0,0,545,232,0.46586345381526106,124,44,0.22752293577981653
9f08e37039,Gold Star Realtor 2022 eblast #2,External,Reminder: You're Invited to the Gold Star Realtor Dinner!,RSVP Today,38,0,2022-05-02,02 PM,0,1,0,0,31,21,0.5526315789473685,6,4,0.1935483870967742
21683b5c7b,ENews April 2022 RESEND,External,ICYMI: See Our Wins from the 2022 MAME Awards!,"Smart Homebuying, Richmond Housing Market & More",1830,2,2022-05-02,01 PM,0,51,0,0,282,213,0.11639344262295082,0,0,0.0
f75bc37d2a,In The Know 4.27.22 CORP RESEND,Internal,ICYMI: Employee of the Year Awards Today!,"Apartment Living News, Team Updates & More",260,0,2022-04-29,08 AM,0,2,0,0,130,58,0.2230769230769231,35,13,0.2692307692307692
c4743fc139,ENews April 2022,External,See Our Wins from the 2022 MAME Awards!,"Smart Homebuying, Richmond Housing Market & More",2816,8,2022-04-28,01 PM,8,49,0,0,1429,988,0.3508522727272727,25,15,0.01749475157452764
22f7b53d68,Hickory Park Office Updates - May 2022,Internal,Hickory Park Office Reminders,Refrigerator & Freezer Clean Out,148,0,2022-04-27,02 PM,0,1,0,0,91,56,0.3783783783783784,2,2,0.02197802197802198
cdc7767197,In The Know 4.27.22 SL ONLY,Internal,See Ways We Deliver on our Brand Promises,"Team Updates, Apartment Living News & More!¬†",1479,1,2022-04-27,08 AM,1,12,0,0,722,551,0.37254901960784315,45,26,0.062326869806094184
1b93707726,In The Know 4.27.22 CORP,Internal,Employee of the Year Awards This Friday!,"Apartment Living News, Team Updates & More",498,0,2022-04-27,08 AM,0,2,0,0,603,249,0.5,212,80,0.351575456053068
936f41adc2,Dev Update April 2022 RESEND,External,ICYMI: See Exciting Updates in Communities Near You!,"Mosaic's Bark Park, Event Recaps & More",3471,11,2022-04-22,04 PM,6,36,0,0,863,669,0.19273984442523767,138,118,0.15990730011587487
83182e8a24,Gold Star Realtor 2022 eblast #1,External,You're Invited to the Gold Star Realtor Dinner!,RSVP Today,38,0,2022-04-22,01 PM,0,1,0,0,54,20,0.5263157894736842,16,12,0.2962962962962963
185e2d19a3,In The Know 4.20.22 CORP RESEND,Internal,ICYMI: See Our Wins from the MAME Awards!,"Green COVID-19 Office Update, New Team Member & More",218,0,2022-04-22,10 AM,0,2,0,0,146,93,0.42660550458715596,368,350,2.5205479452054793
1afee5608b,In The Know 4.20.22 SL ONLY RESEND,Internal,ICYMI: See Our Wins from the MAME Awards!,"New Team Member, Featured Jobs & More",956,0,2022-04-22,10 AM,0,13,0,0,196,159,0.16631799163179917,27,11,0.1377551020408163
3b6f006446,Dev Update April 2022,External,See Exciting Updates in Communities Near You!,"Mosaic's Bark Park, Event Recaps & More",5229,29,2022-04-20,04 PM,10,36,0,0,2658,1832,0.3503537961369287,485,321,0.18246802106847254
f97490882d,In The Know 4.20.22 SL ONLY,Internal,See Our Wins from the MAME Awards!,"New Team Member, Featured Jobs & More",1494,3,2022-04-20,10 AM,10,12,0,0,786,586,0.392235609103079,51,31,0.0648854961832061
d8c7de40bc,In The Know 4.20.22 CORP ,Internal,See Our Wins from the MAME Awards!,"Green COVID-19 Office Update, New Team Member & More",496,0,2022-04-20,10 AM,0,2,0,0,833,285,0.5745967741935484,697,428,0.8367346938775511
b1c4b27597,erase testing GROUPS (brian here),Testing Groups,testing groups 1,,1,0,2022-04-14,06 PM,0,0,0,0,4,1,1.0,0,0,0.0
51dcb40148,Dev Update March 2022 RESEND,External,ICYMI: Check Out Progress on New Amenities!,Development Updates Are In,3303,16,2022-03-25,04 PM,2,23,0,0,786,545,0.16500151377535574,124,98,0.15776081424936386
1043b15b89,Dev Update March 2022,External,Check Out Progress on New Amenities!,Development Updates Are In,5493,23,2022-03-22,04 PM,10,26,0,0,3411,2270,0.4132532313853996,528,372,0.1547933157431838
989e484b0d,February 2022 Dev Update RESEND,External,ICYMI: Get the Latest News on Our Community Developments!,"Outdoor Amenities, Dog Park and More",3677,16,2022-02-17,03 PM,2,18,0,0,1032,701,0.19064454718520532,114,82,0.11046511627906977
0abebaffaa,February 2022 Dev Update,External,Get the Latest News on Our Community Developments!,"Outdoor Amenities, Dog Park and More",5400,24,2022-02-15,03 PM,7,17,0,0,3203,1817,0.3364814814814815,437,297,0.13643459256946613
0315f67070,January 2022 Dev Update (River Mill Correction),External,Revision on Our River Mill Update,Please see updated information on the final section.,5366,38,2022-01-31,05 PM,4,25,0,0,3733,2225,0.4146477823332091,457,359,0.12242164478971337
9f2cc764f0,January 2022 Dev Update RESEND,External,ICYMI: Check Out Updates Coming in 2022!,"New Sections, Amenities & More",3430,15,2022-01-28,03 PM,9,24,0,0,903,579,0.16880466472303207,94,79,0.10409745293466224
cac179eaa4,January 2022 Dev Update,External,Check Out Updates Coming in 2022!,"New Sections, Amenities & More",5402,36,2022-01-25,03 PM,7,34,0,0,3711,2029,0.3756016290262866,522,293,0.1406628940986257
1fc2399668,December 2021 Holiday Message RESEND,External,ICYMI: Happy Holidays from HHHunt Communities,Check out the holiday video!,3668,4,2021-12-10,03 PM,10,24,0,0,483,383,0.1044165757906216,57,24,0.11801242236024845
07d27f8726,December 2021 Holiday Message,External,Happy Holidays from HHHunt Communities,Don't miss the holiday video!,5341,36,2021-12-08,03 PM,6,123,0,0,2577,1768,0.3310241527803782,228,146,0.08847497089639116
b8a21da063,November 2021 Dev Updates RESEND,External,ICYMI: Check Out Exciting Community Developments!,"New Homes, Playgrounds and More¬†",3853,15,2021-11-24,02 PM,12,35,0,0,640,464,0.12042564235660524,68,55,0.10625
25430a6bef,November 2021 Dev Updates,External,Check Out Exciting Community Developments!,"New Homes, Playgrounds and More¬†",5391,36,2021-11-11,03 PM,44,41,0,0,2429,1512,0.28046744574290483,510,398,0.2099629477151091
55aac51aca,October 2021 Dev Updates RE-SEND,External,ICYMI: Find out what's NEW in HHHunt Communities!,Construction Updates & More¬†,3201,13,2021-10-22,11 AM,5,23,0,0,469,336,0.1049671977507029,61,50,0.1300639658848614
73ba9fd0d9,October 2021 Dev Updates,External,Find out what's NEW in HHHunt Communities!,Construction Updates & More¬†,4280,18,2021-10-19,04 PM,4,27,0,0,1879,1130,0.26401869158878505,354,214,0.18839808408728048
21c28ea583,Wescott Condo Survey 9.8.21 RESEND,Wescott Survey 9-2021,We would love to hear from you!,Gift Card Up for Grabs,20,0,2021-09-21,03 PM,0,1,0,0,10,5,0.25,6,3,0.6
8a01d0277e,September 2021 Development Updates RESEND,External,ICYMI: More Awards & Developments!,Get the Scoop,3885,8,2021-09-17,03 PM,9,41,0,0,620,403,0.10373230373230373,68,58,0.10967741935483871
8f60734e2e,September 2021 Development Updates,External,More Awards & Developments. We'll Take It!,Get the Scoop,5082,34,2021-09-15,11 AM,16,46,0,0,2363,1248,0.24557260920897284,400,275,0.16927634363097757
8e656ae457,Wescott Condo Survey 9.8.21,Wescott Survey 9-2021,We would love to hear from you!,Wescott Condo Owners Survey,25,0,2021-09-08,11 AM,1,1,0,0,14,9,0.36,5,3,0.35714285714285715
99b50acd9f,Resend - Survey for Rutland Grove 8.30.21,Rutland Grove Survey,Gift Card Up for Grabs!,Homeowner Survey in Rutland Grove,57,0,2021-08-30,12 PM,0,1,0,0,69,35,0.6140350877192983,12,8,0.17391304347826086
f83d86bd9c,Resend August 2021 Development Updates,External,ICYMI - New Builders in HHHunt Communities!,Your VIP Update,3376,12,2021-08-10,02 PM,79,26,0,0,721,405,0.11996445497630331,167,115,0.231622746185853
5d0825919c,August 2021 Development Updates,External,New Builders in HHHunt Communities!,Your VIP Update,5033,36,2021-08-05,03 PM,1,116,0,0,2412,1327,0.26365984502284917,557,399,0.23092868988391377
2831f6522f,Survey for Rutland Grove 8.3.21,Rutland Grove Survey,We would love your feedback on Rutland Grove!,"Your community, your voice.¬†",76,0,2021-08-03,01 PM,10,1,0,0,110,50,0.6578947368421053,28,15,0.2545454545454545
8f2c62828f,Re-send July 2021 Community Updates,External,"ICYMI: New Community Updates, Big Win & More!",Latest Developments in HHHunt Communities,3354,18,2021-07-29,01 PM,0,99,0,0,433,308,0.09183064997018485,62,52,0.14318706697459585
59b223c9e8,Resend Re-engagement email - July 2021 Community Updates,External,"ICYMI: New Community Updates, Big Win & More",Latest Developments in HHHunt Communities¬†,346,8,2021-07-29,01 PM,2,12,0,0,103,61,0.17630057803468208,25,21,0.24271844660194175
3ce54a48c8,Re-engagement email - July 2021 Community Updates,External,Checking in - it's been a while!,See the latest developments,549,12,2021-07-21,01 PM,12,13,0,0,465,243,0.4426229508196721,69,63,0.14838709677419354
d702989ad8,July 2021 Community Updates,External,"Big Win, Community Updates & More!",See the latest developments,4506,39,2021-07-21,01 PM,5,109,0,0,2040,1158,0.2569906790945406,391,263,0.19166666666666668
5864aaef4b,Resend - June Community Updates - 7.2.21,External,Exciting Updates in HHHunt Communities,See the latest developments!¬†,3076,10,2021-07-02,04 PM,1,107,0,0,1018,764,0.2483745123537061,95,65,0.09332023575638507
e849ed269c,June Community Updates ,External,Exciting Updates in HHHunt Communities,See the latest developments!¬†,4743,64,2021-06-29,02 PM,143,108,0,0,2774,1535,0.3236348302761965,666,434,0.24008651766402306
43b7178fee,Resend RG Dev Update May 2021,Rutland Grove (Website Interest List),Ribbon Cutting in Rutland Grove!,Rutland Grove Community Update¬†,160,0,2021-06-07,02 PM,1,0,0,0,50,30,0.1875,10,3,0.2
8e1fbc6f50,RG Dev Update May 2021,Rutland Grove (Website Interest List),Ribbon Cutting in Rutland Grove!,Rutland Grove Community Update¬†,246,1,2021-05-27,12 PM,1,1,0,0,179,89,0.3617886178861789,18,13,0.1005586592178771
92fa2bbc96,Resend Mosaic Dev Update May 2021,Mosaic (Website Interest List),Mosaic at West Creek - Development Update,Connexion design plans are underway!,1050,2,2021-05-25,12 PM,3,6,0,0,349,106,0.10095238095238095,29,19,0.0830945558739255
60ae9f04ad,Resend River Mill Dev Update May 2021,River Mill (Website Interest List),River Mill Community Updates,"Nature trails, live music & more!¬†",991,2,2021-05-21,12 PM,2,4,0,0,143,102,0.1029263370332997,4,3,0.027972027972027972
6427999431,Mosaic Dev Update May 2021,Mosaic (Website Interest List),Mosaic at West Creek - Development Update,Connexion design plans are underway!,1572,11,2021-05-20,01 PM,7,11,0,0,1152,531,0.3377862595419847,274,176,0.2378472222222222
b516561c41,Resend - Wescott Dev Update May 2021,Wescott (Website Interest List),Did you see the latest in Wescott?,"New townhomes, condos & more!¬†",183,0,2021-05-18,02 PM,1,2,0,0,54,29,0.15846994535519127,3,3,0.05555555555555555
5cdab1ebfb,River Mill Dev Update May 2021,River Mill (Website Interest List),River Mill Community Updates,"Nature trails, live music & more!¬†",1420,9,2021-05-18,01 PM,7,5,1,1,914,436,0.30704225352112674,70,53,0.07658643326039387
8f29cfce80,Wescott Dev Update May 2021,Wescott (Website Interest List),Wescott Development Updates,"New townhomes, condos & more!¬†",281,3,2021-05-12,12 PM,0,4,0,0,181,106,0.37722419928825623,26,23,0.143646408839779
f77d4b4048,Resend Wescott A/B Dev Update 4.41.21 (to non opens),Wescott (Website Interest List),,Your sneak peek inside the Connexion!¬†,176,2,2021-04-19,09 AM,6,2,0,0,87,52,0.29545454545454547,19,0,0.21839080459770116
2138392ed2,Resend River Mill Development Update April 2021 (non opens),River Mill (Website Interest List),River Mill Development Update!,The Connexion is coming.,990,4,2021-04-19,09 AM,1,10,0,0,247,139,0.1404040404040404,82,57,0.3319838056680162
bb84cece49,Resend Rutland Grove Development Update April 2021 (non opens),Rutland Grove (Website Interest List),Rutland Grove Development Update!,The Pier is here.,160,1,2021-04-19,09 AM,0,0,0,0,48,33,0.20625,1,1,0.020833333333333332
af1af3b2f7,Resend Mosaic Development Update April 2021 (to non opens),Mosaic (Website Interest List),Mosaic at West Creek Development Update!,New Homes & Clubhouse Coming to Mosaic!,1072,10,2021-04-19,09 AM,3,12,0,0,281,164,0.15298507462686567,81,65,0.28825622775800713
b40670cf83,River Mill Development Update April 2021,River Mill (Website Interest List),River Mill Development Update!,The Connexion is coming.,1433,5,2021-04-16,02 PM,25,11,0,0,1002,446,0.31123517096999304,257,182,0.2564870259481038
8820017232,Rutland Grove Development Update April 2021,Rutland Grove (Website Interest List),Rutland Grove Development Update,The Pier is here!,233,0,2021-04-16,12 PM,0,0,0,0,142,75,0.3218884120171674,3,3,0.02112676056338028
1d0d4520ec,Mosaic Development Update April 2021,Mosaic (Website Interest List),New Homes & Clubhouse Coming to Mosaic!,Mosaic at West Creek Updates.,1564,10,2021-04-14,02 PM,3,14,0,0,1217,507,0.3241687979539642,445,299,0.3656532456861134
f5d934dae4,Wescott A/B Dev Update 4.41.21,Wescott (Website Interest List),,Stay tuned for more Wescott news.,275,4,2021-04-14,11 AM,2,8,0,0,263,103,0.37454545454545457,53,0,0.20152091254752852
8297536c53,River Mill Development Update March 2021,River Mill (Website Interest List),Custom Homes coming to River Mill!,Stay tuned for more updates.,1434,7,2021-03-24,10 AM,14,36,0,0,824,417,0.2907949790794979,109,65,0.13228155339805825
0a7a9a50a8,Mosaic Development Update March 2021,Mosaic (Website Interest List),New Mosaic Entrance & Homes Coming Soon!,Latest Updates On Mosaic At West Creek.,1552,13,2021-03-19,02 PM,1,14,0,0,1408,557,0.3588917525773196,446,315,0.31676136363636365
f6ee1f72dc,Wescott Development Update March 2021,Wescott (Website Interest List),Get a sneak peek of The Connexion at Wescott!¬†üëÄ,Wescott is in bloom this spring!¬†,264,4,2021-03-19,11 AM,3,10,0,0,260,82,0.3106060606060606,59,30,0.22692307692307692
302235d974,Rutland Grove Development Update March 2021,Rutland Grove (Website Interest List),The Rutland Grove pier is nearing completion!,Just in time for Spring.¬†‚òÄ,229,2,2021-03-19,09 AM,6,0,0,0,184,79,0.34497816593886466,13,9,0.07065217391304347
343784e49b,,Rutland Grove (Website Interest List),Homeowners are settling in!¬†üè°,See the latest developments.¬†,224,2,2021-02-26,03 PM,1,5,0,0,156,93,0.41517857142857145,17,13,0.10897435897435898
18f021a2b0,River Mill Devt Update February 2021 - NEW,River Mill (Website Interest List),See River Mill's newest addition!¬†üëÄ,Woodman Road Extension!,1432,10,2021-02-25,11 AM,17,49,0,0,854,432,0.3016759776536313,271,178,0.31733021077283374
9265d7ae45,Mosaic Development Update February 2021,Mosaic (Website Interest List),Spring fun awaits at Mosaic at West Creek!,Learn more.,1552,15,2021-02-23,10 AM,3,13,0,0,1439,457,0.29445876288659795,253,154,0.17581653926337734
b9e5f7d239,Mosaic Devt Update 1-28-2021,Mosaic (Website Interest List),See the latest at Mosaic at West Creek!,Convenience meets vacation-style living.,1538,14,2021-01-26,11 AM,3,12,0,0,1206,433,0.2815344603381014,291,212,0.24129353233830847
67dd6e6eaa,River Mill Devt Update 1-28-2021,River Mill (Website Interest List),Check out the action in River Mill!,Adventure awaits.,1429,15,2021-01-26,11 AM,2,66,0,0,692,379,0.26522043386983907,21,16,0.030346820809248554
8d43897aa8,Wescott Development Update 1-28-2021,Wescott (Website Interest List),Excitement continues at Wescott!,Clubhouse news and more.,229,0,2021-01-26,10 AM,2,12,0,0,160,72,0.314410480349345,8,7,0.05
fa413d3af8,Wescott Holiday Card 2020,Wescott (Website Interest List),Warmest Wishes from Wescott¬†‚ùÑ,Happy Holidays!,221,6,2020-12-19,10 AM,0,13,0,0,146,58,0.26244343891402716,20,13,0.136986301369863
3314841a61,Rutland Grove Holiday Card 2020,Rutland Grove (Website Interest List),May Your Season Be Merry & Bright!¬†‚õÑ,Happy Holidays,218,4,2020-12-18,10 AM,0,5,0,0,106,61,0.2798165137614679,31,20,0.29245283018867924
34f7e3e5ab,Mosaic Holiday Card 2020,Mosaic (Website Interest List),Happy Holidays!,Savor these moments.¬†¬†,1549,23,2020-12-17,10 AM,4,10,0,0,914,443,0.2859909619109103,220,147,0.24070021881838075
6530c80bf4,River Mill Holiday Card 2020,River Mill (Website Interest List),Season's Greetings from River Mill!¬†‚ùÑ,Happy Holidays,1432,21,2020-12-16,12 PM,2,59,0,0,504,336,0.2346368715083799,82,64,0.1626984126984127
823e8384ea,Mosaic Devt Update November 2020,Mosaic (Website Interest List),Your next adventure is calling!,See the latest at Mosaic.,1554,14,2020-11-25,11 AM,2,14,0,0,1094,418,0.26898326898326896,181,145,0.16544789762340037
90d83b09f0,River Mill Devt Update November 2020,River Mill (Website Interest List),Excitement continues at River Mill!,See you on the trails.,1438,11,2020-11-23,05 PM,2,63,0,0,746,408,0.28372739916550765,30,21,0.040214477211796246
5e90524fe4,,Wescott (Website Interest List),What's up at Wescott?,Exciting Developments!,210,1,2020-11-23,04 PM,1,13,0,0,204,63,0.3,70,25,0.3431372549019608
8f3e7d9ab1,Mosaic Development Update 10-30-2020,Mosaic (Website Interest List),Get a Sneak Peek of Mosaic at West Creek!¬†üëÄ,Where you can indulge every day.,1547,5,2020-10-30,01 PM,2,12,0,0,1810,507,0.3277310924369748,435,278,0.24033149171270718
923b0aa1d9,Rutland Grove Dev Update 10.30.20,Rutland Grove (Website Interest List),Get a sneak peek of Rutland Grove!¬†üëÄ,Where you can live your best life.,216,2,2020-10-30,09 AM,0,5,0,0,242,91,0.4212962962962963,58,35,0.2396694214876033
aa28fe86ae,River Mill Development Update 10.20.30,River Mill (Website Interest List),River Mill is getting even more convenient!,Check out the Woodman Road extension and more.,1459,18,2020-10-20,11 AM,16,39,0,0,685,368,0.25222755311857437,116,89,0.16934306569343066
565931cb4d,Wescott Development Update 9.30.20,Wescott (Website Interest List),Wescott is designed with YOU in mind!,Ready to get your game on?,196,2,2020-10-02,09 AM,0,7,0,0,140,48,0.24489795918367346,20,17,0.14285714285714285
da3a04e8fa,Rutland Grove Dev Update Sept 2020,Rutland Grove (Website Interest List),Your retreat awaits at Rutland Grove!,See how it is taking shape.,219,5,2020-09-30,09 AM,0,5,0,0,197,82,0.3744292237442922,26,17,0.1319796954314721
149d0fde47,Mosaic Development Update Sept 2020,Mosaic (Website Interest List),Check out the latest at Mosaic at West Creek!,Life at Mosaic is in full swing.,1527,6,2020-09-24,12 PM,4,14,0,0,1553,428,0.28028814669286184,264,182,0.1699935608499678
f0dabc176f,Mosaic Development Update 8.31.20,Mosaic (Website Interest List),Mosaic at West Creek - Development Update,Check out life at Mosaic at West Creek!,1549,15,2020-08-31,02 PM,5,16,0,0,1855,544,0.3511943189154293,468,321,0.2522911051212938
47e0ee664b,Rutland Grove Dev Update 8.28.20,Rutland Grove (Website Interest List),Come See Us at Rutland Grove!,Your Development Update,219,3,2020-08-31,08 AM,1,5,0,0,178,75,0.3424657534246575,26,21,0.14606741573033707
e788208d49,Wescott Development Update 8.28.20,Wescott (Website Interest List),Wescott is rocking and rolling!,Check out the latest developments.,196,3,2020-08-28,02 PM,3,5,0,0,153,64,0.32653061224489793,42,31,0.27450980392156865
288d7d43f9,River Mill Development Update 8.28.20,River Mill (Website Interest List),River Mill Development Update,Live Well and Discover Nature!,1489,19,2020-08-28,01 PM,26,39,0,0,783,426,0.2860980523841504,112,76,0.14303959131545338
62c6f0812e,Rutland Grove Development Update - final 7.31.20,Rutland Grove (Website Interest List),Rutland Grove Development Update,Schedule your private tour!,206,2,2020-07-31,02 PM,1,0,0,0,222,77,0.3737864077669903,20,14,0.09009009009009009
171b09a3f4,River Mill Development Update 7.31.20,River Mill (Website Interest List),River Mill Development Update,Check out the latest updates!,1232,11,2020-07-31,01 PM,7,31,0,0,842,400,0.3246753246753247,183,154,0.2173396674584323
db43d12923,Wescott Development Update 7.31.20,Wescott (Website Interest List),Wescott Development Update,Wescott is in the news!,198,2,2020-07-31,11 AM,7,6,0,0,133,63,0.3181818181818182,32,30,0.24060150375939848
ee2ae479eb,Mosaic Development Update 7.30.20,Mosaic (Website Interest List),Mosaic at West Creek - Development Update,Schedule your private tour!,1529,12,2020-07-31,11 AM,16,14,0,0,1499,462,0.302158273381295,389,288,0.25950633755837227
5efd619c1a,Mosaic Development Update 6.26.20,Mosaic (Website Interest List),Mosaic at West Creek - Development Update,See what happening at Mosaic!,1480,12,2020-06-26,03 PM,5,21,0,0,922,373,0.252027027027027,170,119,0.1843817787418655
7e773171a5,Wescott Development Update 6.26.20,Wescott (Website Interest List),Wescott Development Update,Check out the monument sign!,178,1,2020-06-26,03 PM,1,7,0,0,112,48,0.2696629213483146,5,4,0.044642857142857144
38021197b0,River Mill Development Update 6.26.20,River Mill (Website Interest List),River Mill Development Update,Check out the latest progress!,1247,14,2020-06-26,02 PM,1,28,0,0,792,411,0.32959101844426625,102,74,0.12878787878787878
c8372f29e5,Rutland Grove Development Update - 6.26.20,Rutland Grove (Website Interest List),Rutland Grove Development Update,Check out the progress!,194,4,2020-06-26,12 PM,2,0,0,0,239,97,0.5,42,24,0.17573221757322174
6d38b15122,Rutland Grove Development Update - 5.27.20,Rutland Grove (Website Interest List),Rutland Grove Development Update,Check out our latest news!,201,6,2020-05-29,01 PM,0,3,0,0,258,104,0.5174129353233831,31,23,0.12015503875968993
cd368c83c1,River Mill Development Update 5.28.2020,River Mill (Website Interest List),River Mill Development Update,See what's happening at River Mill!,1261,13,2020-05-29,01 PM,1,29,0,0,867,460,0.3647898493259318,183,106,0.21107266435986158
ee11dbb40c,Mosaic Development Update 5.27.20,Mosaic (Website Interest List),Mosaic at West Creek - Development Update,We have exciting news!,1510,21,2020-05-29,12 PM,6,27,0,0,2072,788,0.5218543046357615,591,357,0.28523166023166024
a50f217dea,Wescott Development Update 5.27.20,Wescott (Website Interest List),Wescott Development Update,Check out our latest news!,178,0,2020-05-29,12 PM,0,8,0,0,265,140,0.7865168539325843,19,15,0.07169811320754717
3fca0636ce,Mosaic Development Update 4.27.20,Mosaic (Website Interest List),Mosaic at West Creek - Development Update,Check out our latest news!,1545,22,2020-04-28,10 AM,9,33,0,0,2101,620,0.40129449838187703,672,441,0.31984769157544024
ad48cbd68f,Rutland Grove Development Update - 4.27.20,Rutland Grove (Website Interest List),Rutland Grove Development Update,Check out our latest news!,206,7,2020-04-28,10 AM,0,2,0,0,342,114,0.5533980582524272,20,15,0.05847953216374269
1ab6736580,River Mill Development Update 4.27.20,River Mill (Website Interest List),River Mill Development Update,Check out our latest news!,1297,28,2020-04-28,10 AM,10,26,0,0,1273,589,0.45412490362374713,145,104,0.11390416339355852
52cbbd8c2d,Wescott Development Update 4.27.20,Wescott (Website Interest List),Wescott Development Update,Check out our latest news!,178,1,2020-04-28,09 AM,2,7,0,0,249,120,0.6741573033707865,49,32,0.19678714859437751
c7516abff0,Mosaic: Meet your builders virtually!,Mosaic (Website Interest List),Meet Your Builders Virtually!,Explore the pieces of Mosaic,230,0,2020-04-02,02 PM,0,0,0,0,1387,182,0.7913043478260869,827,380,0.5962509012256669
58ebb5faac,Wescott Development Update,Wescott (Website Interest List),Wescott Development Update,Check out our latest news!,159,0,2020-03-19,04 PM,6,9,0,0,137,49,0.3081761006289308,16,13,0.11678832116788321
da2ec6ea8d,Rutland Grove Development Update - March 2020,Rutland Grove (Website Interest List),Rutland Grove Development Update,Check out our latest news!,199,2,2020-03-19,01 PM,2,3,0,0,293,87,0.4371859296482412,34,24,0.11604095563139932
958f874ab8,River Mill Development Update 3.18.20,River Mill (Website Interest List),River Mill Development Update,Check out our latest news!,1153,7,2020-03-18,05 PM,6,15,0,0,1031,451,0.391153512575889,88,73,0.08535402521823472
a655b517c9,Mosaic VIP Cancellation email (copy 01),Mosaic (Website Interest List),Mosaic at West Creek | Event Cancellation,The VIP Meet Your Builder Event is canceled.,3,0,2020-03-18,03 PM,0,0,0,0,62,3,1.0,4,2,0.06451612903225806
32fd00e798,Mosaic VIP Cancellation email,Mosaic (Website Interest List),Mosaic at West Creek | Event Cancellation,The VIP Meet Your Builder Event is canceled.,228,0,2020-03-18,02 PM,1,1,0,0,538,157,0.6885964912280702,150,127,0.2788104089219331
fcdbebc532,Mosaic Development Update 3.18.20,Mosaic (Website Interest List),Mosaic at West Creek Development Update,Check out our latest news,1551,18,2020-03-18,02 PM,8,31,0,0,2040,636,0.41005802707930367,324,250,0.1588235294117647
2c9677a0be,HHHunt Homes | Magnolia Green Valhalla | Video Offer (copy 02),test,Win a free testimonial video by selling in Magnolia Green's Valhalla!,Magnolia Green Townhomes now selling,1,0,2020-03-03,04 PM,0,0,0,0,42,1,1.0,8,4,0.19047619047619047
81b9a3a143,HHHunt Homes | Magnolia Green Valhalla | Video Offer,OLD - External,Win a free testimonial video by selling in Magnolia Green's Valhalla!,Magnolia Green Townhomes now selling,571,3,2020-03-03,04 PM,31,32,0,0,159,103,0.18038528896672504,17,5,0.1069182389937107
ef3b8422b3,Invite,Mosaic (Website Interest List),You're Invited to a VIP Event!,,1502,12,2020-02-19,11 AM,20,34,0,0,3686,554,0.36884154460719043,451,303,0.12235485621269669
e983b95e33,Wescott February 2020,Wescott (Website Interest List),HHHunt Homes is now selling! Meet them today!,,138,0,2020-02-12,11 AM,4,15,0,0,96,51,0.3695652173913043,24,15,0.25
be4e078f31,Now Selling,Rutland Grove (Website Interest List),NOW SELLING! Secure your new home today!,,200,3,2020-02-03,12 PM,2,4,0,0,257,76,0.38,43,33,0.16731517509727625
1242d8a19f,Now selling,Wescott (Website Interest List),NOW SELLING!,,130,1,2020-01-15,01 PM,7,9,0,0,116,70,0.5384615384615384,47,25,0.4051724137931034
0b51bae330,Are you still interested 1.7.20,Mosaic (Website Interest List),Are you still interested in Mosaic?,,1502,55,2020-01-07,01 PM,7,23,0,0,1111,436,0.29027962716378164,0,0,0.0
233c5d3a52,test 4 to the map,test,test 4 to the map,,1,0,2020-01-07,12 PM,0,0,0,0,0,0,0.0,0,0,0.0
657d87adf2,test 3 redirect to hhhc,test,test 3 redirect to hhhc,,2,1,2020-01-07,12 PM,0,0,0,0,1,1,0.5,0,0,0.0
fc11852cbe,test 2,test,test yn 2,,3,2,2020-01-07,12 PM,0,0,0,0,10,2,0.6666666666666666,0,0,0.0
b781a535cf,test,test,test y/n,,2,1,2020-01-07,12 PM,0,0,0,0,2,1,0.5,0,0,0.0
5340ff3b0d,Wescott Holiday,Wescott (Website Interest List),Happy Holidays from HHHunt Communities,,103,2,2019-12-19,10 AM,5,7,0,0,38,22,0.21359223300970873,7,4,0.18421052631578946
25b8eae5fe,Holiday Mosaic,Mosaic (Website Interest List),Happy Holidays from HHHunt Communities!,,1522,19,2019-12-19,10 AM,10,26,0,0,717,353,0.23193166885676741,114,80,0.1589958158995816
e1f34768b1,Suffolk County Reminder,Suffolk County,Reminder- December 9th at Meadows Landing,,7,0,2019-12-04,02 PM,6,0,0,0,13,1,0.14285714285714285,0,0,0.0
adcc930a6c,12/3 business partners,Open House Business Partners 2019,SEE YOU THURSDAY!,,163,0,2019-12-03,10 AM,0,7,0,0,262,65,0.3987730061349693,36,17,0.13740458015267176
0abb5c25fb,Meadows landing,Meadows landing,Meadows Landing! Coming Soon!,,6,0,2019-11-26,03 PM,0,0,0,0,10,3,0.5,0,0,0.0
15db8ef691,Suffolk/Meadows Landing,Suffolk County,All Suffolk City Council Members ‚Äì You‚Äôre Invited,,1,0,2019-11-26,03 PM,0,0,0,0,112,1,1.0,0,0,0.0
0bb4ced71e,Less than 30 11.11.19,Open House Business Partners 2019,Less than 30 days to the Open House!,,163,1,2019-11-11,04 PM,0,6,0,0,147,50,0.3067484662576687,43,17,0.2925170068027211
39c6c4a689,Mosaic at West Creek 11.6.19,Mosaic (Website Interest List),Mosaic at West Creek- Sneak Peek!,,1438,18,2019-11-06,03 PM,16,26,1,2,2148,487,0.3386648122392211,517,284,0.24068901303538176
9367f1c331,test,Facebook Interest List,test,,4,0,2019-11-06,01 PM,0,0,1,0,34,3,0.75,25,5,0.7352941176470589
f20bb67e5e,Rutland Grove 10/29/19,Rutland Grove (Website Interest List),Rutland Grove- Sales information is COMING SOON!,,184,6,2019-10-30,08 AM,5,2,0,0,251,92,0.5,57,35,0.22709163346613545
5035b0adf4,Wescott 10/29/19,Wescott (Website Interest List),Wescott Website is Live!,,91,0,2019-10-29,02 PM,19,8,0,0,159,18,0.1978021978021978,27,17,0.16981132075471697
4189d55e94,Open House 2019,Open House Business Partners 2019,Save the Date! HHHunt Communities Open House!,,165,0,2019-10-16,10 AM,5,4,0,0,638,76,0.46060606060606063,63,30,0.0987460815047022
5b39f6c15b,test 2,Facebook Interest List,test take 2,,2,0,2019-09-12,11 AM,0,0,0,0,10,2,1.0,0,0,0.0
a4d42dca67,test,Facebook Interest List,this is a test,,1,0,2019-09-12,11 AM,0,0,0,0,2,1,1.0,0,0,0.0
e2a8a4adf8,Exciting News from Hanover VA,Southerly (Website Interest List),"Exciting News In Hanover, VA!",,78,2,2019-09-09,04 PM,3,0,0,0,165,47,0.6025641025641025,32,20,0.19393939393939394
94fd370ff6,White Hall 8/28/19,White Hall (Website Interest List),Did you know there is only one home left?,,91,4,2019-08-28,09 AM,3,3,0,0,25,20,0.21978021978021978,3,3,0.12
cacd19c40d,River Mill 8/28/19,River Mill (Website Interest List),River Mill Builder Spot Light!,,1081,12,2019-08-28,09 AM,5,1,0,0,596,418,0.3866790009250694,72,59,0.12080536912751678
1d1e093ed6,Mosaic 8/28/19,Mosaic (Website Interest List),Meet Your Construction Manager,,1291,32,2019-08-28,08 AM,28,20,3,2,1266,484,0.37490317583268784,133,92,0.10505529225908374
985b0eae96,Mosaic at West Creek Kickoff Party! (copy 01),MOSAIC RSVP,"Tomorrow, July 25th, 2019! We see you there!!",,43,0,2019-07-24,04 PM,0,0,0,0,57,15,0.3488372093023256,2,1,0.03508771929824561
7166fe204e,Mosaic 7.23.19,Mosaic (Website Interest List),Mosaic at West Creek Update,,767,19,2019-07-23,12 PM,24,14,1,1,1398,378,0.49282920469361147,404,233,0.28898426323319026
d262dddf47,7.23.19,River Mill (Website Interest List),River Mill Update,,982,11,2019-07-23,12 PM,3,2,1,0,671,419,0.42668024439918534,130,99,0.19374068554396423
6b3403508a,Last Days,River Mill (Website Interest List),Last few days of Homearama 2019!,,987,4,2019-06-13,03 PM,1,4,0,0,463,314,0.3181357649442756,18,17,0.038876889848812095
ff4c27b19f,Mosaic at West Creek Kickoff Party!,Mosaic at West Creek Kick Off,"You are invited! Must RSVP by July 5, 2019",,46,0,2019-06-10,09 AM,0,1,0,0,265,14,0.30434782608695654,140,15,0.5283018867924528
2ad275f350,Homearama - River Mill - Realtor Day,Realtors,Realtor Day at Homearama!,You're Invited,3083,8,2019-06-04,11 AM,6,37,0,0,910,535,0.17353227375932534,37,30,0.04065934065934066
eb12aaee1c,MILL SQUARE PARK IS UNDER ROOF!,River Mill (Website Interest List),MILL SQUARE PARK IS UNDER ROOF!,,1001,9,2019-05-21,10 AM,5,4,0,0,721,391,0.3906093906093906,110,85,0.15256588072122051
b4af522fbc,Homearama - RM - May (RM audience),River Mill (Website Interest List),River Mill hosts¬†Homearama 2019,,958,9,2019-04-30,07 AM,1,6,0,0,1117,361,0.3768267223382046,286,182,0.25604297224709044
83b395ecef,Realtor Event invite for 4/24/19,Realtors,Exclusive Realtor Event! Homearama 2019!,,3095,8,2019-04-30,07 AM,4,33,0,0,807,475,0.15347334410339256,81,54,0.10037174721189591
37de969715,Homearama - RM - May,Realtors,Homearama 2019! Exclusive Realtor Event!,,3165,7,2019-04-29,07 AM,66,34,0,0,708,450,0.14218009478672985,145,115,0.20480225988700565
c766a82372,Wescott Reminder,Wescott Kickoff,We Can't Wait To See You on Thursday!,,36,0,2019-04-23,10 AM,0,1,0,0,112,11,0.3055555555555556,0,0,0.0
f3189b9fec,Mosaic 190419,Mosaic (Website Interest List),Mosaic - It‚Äôs How You Live That Matters.,,630,6,2019-04-19,12 PM,10,7,0,0,633,230,0.36507936507936506,250,196,0.3949447077409163
15d615c7e6,reminder,Wescott Kickoff,Don't forget to RSVP!,,19,0,2019-04-03,04 PM,0,1,0,0,108,8,0.42105263157894735,10,5,0.09259259259259259
e1a136bdc2,Wescott Kickoff,Wescott Kickoff,You are invited! Must RSVP by April 5th 2019,,39,0,2019-03-29,03 PM,0,1,0,0,238,29,0.7435897435897436,51,20,0.21428571428571427
023482d1fd,,River Mill (Website Interest List),River Mill Community Update,,930,11,2019-03-26,02 PM,5,3,0,0,852,447,0.4806451612903226,229,182,0.2687793427230047
5ade93f061,White Hall 190312,White Hall (Website Interest List),Builder Spotlight - HHHunt Homes,,69,0,2019-03-12,03 PM,7,3,0,0,23,15,0.21739130434782608,0,0,0.0
37aee20a36,,River Mill (Website Interest List),A word from your VP of Land Development,,839,13,2019-03-12,08 AM,4,3,0,0,686,373,0.4445768772348033,142,119,0.20699708454810495
eacf4b0bc8,,River Mill (Website Interest List),Schell Brother‚Äôs Now Selling!,,874,10,2019-02-19,11 AM,25,5,0,0,743,397,0.45423340961098396,185,161,0.2489905787348587
8583671cc9,Now Selling in River Mill by HHHunt,River Mill (Website Interest List),Now Selling in River Mill by HHHunt!,,790,6,2019-01-23,10 AM,0,30,0,0,714,371,0.46962025316455697,204,174,0.2857142857142857
b32eb63f2d,HHHC Update 181214,TEMP HHHC GEN LIST (Del after mailing),Happy Holidays from HHHunt Communities,,439,10,2018-12-18,10 AM,25,7,0,0,141,111,0.2528473804100228,31,19,0.2198581560283688
b623eccecc,River Mill Update 181214,River Mill (Website Interest List),Happy Holidays from River Mill,,806,14,2018-12-17,10 AM,2,29,0,0,481,332,0.4119106699751861,51,43,0.10602910602910603
cfca77e97c,Mosaic Update 181214,Mosaic (Website Interest List),Happy Holidays from Mosaic at West Creek,,287,4,2018-12-17,10 AM,1,3,0,0,357,162,0.5644599303135889,79,66,0.22128851540616246
6b8bcd67dc,Internal,New list for folks to the open house,Don't Forget... HHHunt Communities Open House 12/13/18,,34,0,2018-12-11,10 AM,0,0,0,0,88,17,0.5,4,2,0.045454545454545456
411d93aec4,Open House reminder,Business Partners 2018,Don't Forget....HHHunt Communities Open House 12-13-18,,120,0,2018-12-11,10 AM,0,5,0,0,247,48,0.4,14,10,0.05668016194331984
f54681f0b5,Open House,New list for folks to the open house,Mark your calendars for HHHunt Communities Holiday Open House!!,,34,0,2018-11-27,12 PM,0,0,0,0,137,22,0.6470588235294118,10,5,0.072992700729927
94961cf13d,Mosaic update 181126,Mosaic (Website Interest List),Mosaic at West Creek is worth the wait...,,218,4,2018-11-26,11 AM,2,1,0,0,559,154,0.7064220183486238,56,42,0.1001788908765653
423ab86133,River Mill Builder Spotlight,River Mill (Website Interest List),River Mill Builder Spotlight,LeGault Homes,770,7,2018-11-21,11 AM,2,29,0,0,664,349,0.45324675324675323,138,109,0.20783132530120482
5bb8c7ce24,,Business Partners 2018,You are invited to HHHunt Communities' Open House!,,125,0,2018-11-15,04 PM,5,5,0,0,593,65,0.52,31,18,0.05227655986509275
997785519d,River Mill Update 181030,River Mill (Website Interest List),River Mill Community Update¬†‚òÄ,,779,9,2018-10-30,09 AM,0,29,0,0,768,411,0.527599486521181,128,114,0.16666666666666666
aec261aee9,,Realtors,We want to hear from you!,Please take the survey and tell us what you would prefer?,3139,13,2018-10-23,11 AM,4,13,0,0,664,458,0.14590633959859828,44,33,0.06626506024096386
b631d27f7f,River Mill VIP Community Update,River Mill (Website Interest List),River Mill VIP Community Update,,805,12,2018-09-25,10 AM,49,30,0,0,1165,392,0.48695652173913045,277,204,0.23776824034334765
527325fc4f,Mosaic Survey Mailing 180906,Mosaic Survey Mailing 180906,Mosaic is coming - help make it yours,Please join us in an on-line workshop to help plan the future of HHHunt‚Äôs newest community ‚Äì and your next coffee is on us!,1338,22,2018-09-18,01 PM,109,21,0,0,1361,592,0.44245142002989535,377,197,0.27700220426157235
48360e513d,,River Mill Post Meeting,Exciting news about River Mill!,,57,0,2018-03-28,10 AM,0,1,0,0,424,46,0.8070175438596491,61,28,0.14386792452830188
cef43e3273,,River Mill Post Meeting,Thank you for joining us!,River Mill Builder Appreciation and Update at Casa Del Barco,58,0,2018-03-22,07 PM,1,1,0,0,306,48,0.8275862068965517,97,44,0.31699346405228757
66485ec917,Mosiac Email County 180313 (copy 01),West Creek 55+,Mosaic at West Creek gets the greenlight,HHHunt is excited to announce that zoning for Mosaic at West Creek was unanimously approved by the Goochland County Board of Supervisors!,92,0,2018-03-16,12 PM,5,1,0,0,278,58,0.6304347826086957,27,21,0.09712230215827339
ab8f368a52,Mosiac Email County 180313,West Creek 55+,üí¨¬†West Creek 55 - Your help is needed today,"This message is being sent in support of the rezoning case for Mosaic a West Creek, HHHunt‚Äôs proposed 55+ community.",92,0,2018-03-13,01 PM,0,6,0,0,164,60,0.6521739130434783,31,28,0.18902439024390244
8c9feed123,River Mill Team Invite 180227,River Mill Team Invite,Join Us - Not Your Run of the Mill Event,River Mill Team Invitation to Casa del Barco,55,0,2018-02-27,12 PM,1,1,0,0,278,45,0.8181818181818182,0,0,0.0
8b400e2706,Mosiac Email County 171204,West Creek 55+,üí¨¬†West Creek 55 - Your help is needed by December 4th,"This message is being sent in support of the rezoning case for Mosaic a West Creek, HHHunt‚Äôs proposed 55+ community.",68,0,2017-12-04,03 PM,0,6,0,0,99,32,0.47058823529411764,16,10,0.16161616161616163
9f1b92bf50,Mosiac Email County 171121,West Creek 55+,üí¨¬†West Creek 55 - Your help is needed by December 4th,"This message is being sent in support of the rezoning case for Mosaic a West Creek, HHHunt‚Äôs proposed 55+ community.",68,0,2017-11-27,03 PM,0,6,0,0,130,34,0.5,23,17,0.17692307692307693
b932e87a14,West Creek 55 171016,West Creek 55+,New Goochland community zoning update,We appreciate your interest in the proposed HHHunt community located in West Creek and invite you to be part of moving this new community forward.,60,0,2017-10-16,12 PM,0,5,0,0,93,37,0.6166666666666667,1,1,0.010752688172043012
02dcea387a,West Creek 55 170917-,West Creek 55+,New Goochland community zoning update,We appreciate your interest in the proposed HHHunt community located in West Creek and invite you to be part of moving this new community forward.,63,0,2017-09-11,02 PM,6,5,0,0,184,36,0.5714285714285714,2,2,0.010869565217391304
